{"cameraMode":{"drawMode":0,"name":"Shaded","section":"Shading Mode"},"sceneLighting":false,"audioPlay":false,"sceneViewState":{"showFog":true,"showMaterialUpdate":false,"showSkybox":false,"showFlares":true,"showImageEffects":true,"showParticleSystems":true},"in2DMode":false,"pivot":{"x":1.2208043336868287,"y":-0.3334510326385498,"z":-0.4298272132873535},"rotation":{"x":-0.061860207468271258,"y":0.9375143051147461,"z":-0.22377894818782807,"w":-0.25916123390197756},"size":2.2490391731262209,"orthographic":false}