{"cameraMode":{"drawMode":0,"name":"Shaded","section":"Shading Mode"},"sceneLighting":true,"audioPlay":false,"sceneViewState":{"showFog":true,"showMaterialUpdate":true,"showSkybox":true,"showFlares":true,"showImageEffects":true,"showParticleSystems":true},"in2DMode":false,"pivot":{"x":1.5,"y":0.6873300075531006,"z":4.934228897094727},"rotation":{"x":0.31349119544029238,"y":0.6118775606155396,"z":-0.2876863479614258,"w":0.6667616367340088},"size":2.7868330478668215,"orthographic":false}